,Offense Code,Offense,Severity
0,9990026,CAPITAL MURDER OF MULTIPLE PERSONS,FX
1,36010001,INDECENCY WITH A CHILD SEXUAL CONTACT,F2
2,22100000,BURG HAB W/I SEXUAL ABUSE,unknown
3,9150000,MURDER W/DEADLY WPN,unknown
4,12990002,AGG ROBBERY,F1
5,11220000,AGG SEX ASLT CHILD CT 2,unknown
6,11990012,SEX ABUSE OF CHILD CONTINUOUS: VICTIM UNDER 14,F1
7,9990001,MURDER INTENTIONALLY CAUSE DEATH,F1
8,9130000,CAPITAL MURDER,unknown
9,12120000,AGG ROBBERY,unknown
10,11990004,AGG SEXUAL ASSLT CHILD,F1
11,36010005,INDECENCY W/CHILD SEXUAL CONTACT,F2
12,9990002,MURDER INTENDS SBI CAUSING DEATH,F1
13,11180000,AGG SEX ASLT W/DEAD WPN,unknown
14,54040011,DRIVING WHILE INTOXICATED 3RD OR MORE IAT,F3
15,11990003,AGG SEXUAL ASSLT,F1
16,36140000,INDEC WITH CHILD,unknown
17,10100000,AGGRV KIDNAPPING,unknown
18,11990002,SEXUAL ASSLT CHILD,F2
19,13150005,AGG ASSLT W/DEADLY WEAPON,F2
20,9990019,MURDER,F1
21,11200000,ATT AGG SEX ASLT,unknown
22,35990003,MAN/DEL CS PG 1 >= 4G < 200G,F1
23,11190000,SEX ASSLT-CHILD,unknown
24,11990001,SEXUAL ASSLT,F2
25,36990007,FAIL TO COMPLY SEX OFF DUTY TO REG LIFE/ANNUAL,F3
26,9990003,MURDER WHILE COMMITTING FELONY,F1
27,10990004,AGG KIDNAPPING,F1
28,24110000,UNAUTHORIZED USE MTR VEH,unknown
29,35990016,POSS CS PG 1 >=4G < 200G,F2
30,13170000,AGG ASLT W/DDLY WPN,unknown
31,9990017,MANSLAUGHTER,F2
32,35410000,DEL OF C/S,unknown
33,23990196,"THEFT PROP <$2,500 2/MORE PREV CONV",FS
34,35620011,POSS MARIJ <= 50 LBS >5LBS,F3
35,13200000,INJURY TO ELD PERSON,unknown
36,35990005,MAN/DEL CS PG 1 >= 400G,F*
37,35990004,MAN/DEL CS PG 1 >= 200G < 400G,F*
38,9140000,ATTEMPTED CAPITAL MURDER,unknown
39,35990248,POSS CS PG 1/1-B >=1G<4G,F3
40,48010020,EVADING ARREST DET W/VEH,F3
41,23170000,THEFT O/200,unknown
42,12130000,AGG ROBBERY W/DEADLY WPN,unknown
43,13180000,AGG ASLT ON PEACE OFFICER,unknown
44,13990076,ASSAULT FAM/HOUSE MEM IMPEDE BREATH/CIRCULAT,F3
45,49010000,ESCAPE,unknown
46,23990004,THEFT PROP >=$1500 < $20K,FS
47,36990023,ONLINE SOLICITATION OF A MINOR UNDER 14,F2
48,9990030,MURDER,F1
49,26040046,FRAUD USE/POSS IDENT INFO # ITEMS <5 ELDERLY,F3
50,11020000,RAPE,unknown
51,54040033,INTOXICATION MANSLAUGHTER W/VEHICLE,F2
52,50150004,BAIL JUMPING AND FAIL TO APPEAR FELONY,F3
53,22090000,BURG OF HABITATION,unknown
54,35990015,POSS CS PG 1 >= 1G < 4G,F3
55,22110000,BURG HABIT W/DEADLY WPN,unknown
56,36990013,INDECENCY W/A CHILD EXPOSES,F3
57,11990015,SEX ABUSE OF CHILD CONTINUOUS: VICTIM UNDER 14,F1
58,70990065,CIVIL COMMITMENT REQUIREMENT,F3
59,35990010,MAN/DEL CS PG 3/4 < 28G,FS
60,22990002,BURGLARY OF HABITATION,F2
61,36120000,INCEST,unknown
62,22120000,BURG OF BUILDING,unknown
63,35990247,POSS CS PG 1/1-B <1G,FS
64,49990002,ESCAPE WHILE ARRESTED/CONFINED- FELONY,F3
65,48040003,TAMPER/FABRICATE PHYS EVID W/INTENT TO IMPAIR,F3
66,48010019,EVADING ARREST DET W/PREV CONVICTION,FS
67,26990120,FRAUD SELL SECURITIES >=$100K,F*
68,11030000,RAPE,unknown
69,52030024,UNL POSS FIREARM BY FELON,F3
70,10990001,KIDNAPPING,F3
71,54010007,ACCIDENT INVOLVING INJURY,F*
72,35990014,POSS CS PG 1 < 1G,FS
73,35120000,POSS HEROIN,unknown
74,52120009,UNL POSS FIREARM BY FELON,F3
75,12990001,ROBBERY,F2
76,35990249,POSS CS PG 1/1-B >=4G<200G,F2
77,70990062,HARASSMENT BY PERSONS IN CORRECTIONAL FACILITY,F3
78,35320000,POSS OF C/S COCAINE,unknown
79,20990005,ARSON INTEND DAMAGE HAB/PLACE OF WORSHIP IAT,F1
80,22140000,BURG VEHICLE HABITUAL,unknown
81,35990001,MAN/DEL CS PG 1 < 1 G,FS
82,9180000,VOL MANSLT W/DEAD WPN,unknown
83,73990677,PROH SUBSTANCE/ITEM IN CORR/CIV COM FACILITY,F3
84,35990002,MAN/DEL CS PG 1 >= 1G < 4G,F2
85,36990009,FAIL TO COMPLY SEX OFF DUTY TO REG W/PREV IAT,F*
86,9990022,CAPITAL MURDER BY TERROR THREAT/OTHER FELONY,FX
87,9990008,CAPITAL MURDER IN COMM OF CITED OFFENSES,FX
88,73991005,ENGAGING IN ORGANIZED CRIMINAL ACTIVITY,F1
89,35990012,MAN/DEL CS PG 3/4 >=200G < 400G,F1
90,13990059,ASSAULT CAUSE BODILY INJ DATE/FAMILY/HOUSE ENH,F3
91,26990219,MISAPP FIDUC/FINAN PROP>=$300K,F1
92,13990075,ASSAULT FAMILY/HOUSEHOLD MEMBER PREV CONV IAT,F3
93,22990003,BURGLARY HABITATION INTEND OTHER FELONY,F1
94,13150007,AGG ASSAULT DATE/FAMILY/HOUSE W/WEAPON,F1
95,9990023,CAPITAL MURDER WHILE REMUNERATION,FX
96,36990008,FAIL TO COMPLY SEX OFF DUTY TO REG LIFE/90 DAY,F2
97,9990020,CAPITAL MURDER OF A PEACE OFFICER OR FIREMAN,FX
98,9160000,ATT MURDER W/DEADLY WPN,unknown
99,25010000,FORGED CHECK,unknown
100,35110000,DEL HEROIN,unknown
101,35990008,MAN/DEL CS PG 2 OR 2-A >= 4G <400G,F1
102,13150002,AGG ASSAULT AGAINST PB SERVANT,F1
103,54040032,INTOXICATION ASSAULT W/VEHICLE SBI,F3
104,13150001,AGG ASSAULT BY/AGAINST PUBLIC SERVANT,F1
105,11990006,AGG SEXUAL ASSAULT OF ELDERLY/DISABLE PERSON,F1
106,9990021,MURDER UNDER INFLUENCE OF SUDDEN PASSION,F2
107,9990005,MURDER INTENDS SBI CAUSING DEATH/PASSION,F2
108,9990000,CAPITAL MURDER,unknown
109,73990412,TAMPER/FABRICATE PHYS EVID W/INTENT TO IMPAIR,F3
110,37040009,POSS OF CHILD PORNOGRAPHY,F3
111,13160017,HARASSMENT OF PUBLIC SERVANT,F3
112,13150011,AGG ASSAULT AGAINST PUB SERVANT,F1
113,16020014,TERR THREAT IMP PUB SERV/PUB FEAR SBI/INFLU GV,F3
114,48010013,EVADE ARR DET W/VEH/WTRCFT W/PREV CONV OR SBI,F3
115,37040001,POSS OF CHILD PORNOGRAPHY,F3
116,35310000,DEL COCAINE-HABITUAL,unknown
117,38990007,VIOL OF PROTECTIVE ORDER 2+ PREV CONVIC,F3
118,54040028,DRIVING WHILE INTOXICATED W/CHILD UNDER 15 YOA,FS
119,13150004,AGG ASSLT CAUSES SERIOUS BODILY INJ,F2
120,40040014,PROSTITUTION SOLICIT PERSON < 18 YOA,F2
121,11990016,INDECENCY W/CHILD SEXUAL CONTACT,F2
122,35990024,POSS CS PG 3 >= 28G < 200G,F3
123,35990272,POSS OF CS - DFZ,unknown
124,22990001,BURGLARY OF BUILDING,FS
125,35620012,"POSS MARIJ <= 2,000LBS > 50LBS",F2
126,13990078,CONTINUOUS VIOLENCE AGAINST THE FAMILY,F3
127,36990020,PROH SEXUAL CONDUCT WITH ANCESTOR/DESCENDANT,F2
128,35990124,MAN/DEL CS PG 1 < 1G DRUG FREE ZONE,F3
129,22150000,ATT BURG HABIT,unknown
130,13990063,ASSAULT PUBLIC SERVANT,F3
131,13990029,ASSLT PUBLIC SERVANT,F3
132,36120003,FAIL TO COMPLY WITH SEX OFFENDER REGISTRATION,F2
133,35620010,POSS MARIJ <= 5LBS > 4OZ,FS
134,13990082,ASSAULT PEACE OFFICER/JUDGE,F2
135,35420000,POSS CONTRL SUBS,unknown
136,20990004,ARSON CAUSING BODILY INJURY/DEATH IAT,F1
137,13990043,INJ CHILD/ELDERLY/DISABLED W/INT BODILY INJ,F3
138,36990005,FAIL TO COMPLY SEX OFFENDERS DUTY TO REG CIVIL,F2
139,35990021,POSS CS PG 2 >= 4G < 400G,F2
140,9990027,CAPITAL MURDER OF PERSON UNDER SIX YOA,FX
141,25020000,FORGERY,unknown
142,23270000,THEFT BY CHECK,unknown
143,10990005,AGG KIDNAPPING W/DEADLY WEAPON,F1
144,13990024,INTOXICATION ASSAULT W/VEHICLE SBI,F3
145,13990026,OBSTRUCTION OR RETALIATION,F3
146,52030000,POSS DDLY WPN PENAL INSTU,unknown
147,36140001,INDECENCY W/A CHILD EXPOSES,F3
148,11990017,INDECENCY W/A CHILD EXPOSES,F3
149,26040042,FRAUD USE/POSS IDENTIFYING INFO # OF ITEMS <5,FS
150,13990025,INTOXICATION MANSLAUGHTER W/ VEHICLE,F2
151,9000001,MURDER INTENTIONALLY CAUSES DEATH,F1
152,35990056,ILL EXPEND/INVEST DRUG MONEY,F1
153,22000001,BURGLARY OF HABITATION,F1
154,54990035,RACING ON HIGHWAY CAUSING SERIOUS BODILY INJ,F2
155,13990002,INJ CHILD SBI/MENTAL,F1
156,23990194,"THEFT PROP >=$2,500<$30K",FS
157,25890002,FORGERY GOVT/NATIONAL INST/MONEY/SECURITY,F3
158,23210000,"THEFT OF PROP $750-20,000",unknown
159,23990150,THEFT CATTLE/HORSE/EXOTIC LIVESTOCK <$100K ENH,F2
160,25890001,FORGERY FINANCIAL INSTRUMENT,FS
161,36010002,INDECENCY WITH A CHILD EXPOSES,F3
162,13990037,ASSAULT CAUSES BODILY INJ FAMILY VIOLENCE ENH,F3
163,58990014,TRAFFICKING CHILD ENGAGE CONDUCT/SEXUAL,F1
164,13990041,INJ CHILD/ELDERLY/DISABLED W/INT SBI/MENTAL,F1
165,54040000,DWI,unknown
166,13190000,INJURY CHILD,unknown
167,20110000,ARSON,unknown
168,22130000,BURG OF BLDG W/DEADLY WPN,unknown
169,10110000,KIDNAPPING,unknown
170,35990035,MAN/DEL CS ANALOGUE PG 1 >= 1G < 4G,F2
171,64080002,ONLINE SOLICIT OF A MINOR SEXUAL CONDUCT,F2
172,22080000,BURGLARY,unknown
173,54040020,DWI W/PREV INTOXICATION MANSLAGHT CONV IAT,F3
174,9990009,CAPITAL MURDER REMUNERATION,FX
175,23990010,THEFT PROP >=$20K < $100K,F3
176,13000004,AGG ASSLT W/DEADLY WEAPON,F3
177,50160005,VIOL BOND/PROTECTIVE ORDER ASSAULT/STALK IAT,F3
178,23990208,THEFT PROP >=$2500<$30K ENH IAT,F3
179,9190000,INVOL MANSLAUGHTER,unknown
180,20990001,ARSON,F2
181,52030013,DEADLY WEAPON IN PENAL INSTITUTION,F3
182,25040000,FORGERY BY PASSING,unknown
183,52130005,DEADLY CONDUCT DISCH FIREARM INDIV(S),F3
184,9990015,CAPITAL MURDER MULTIPLE,FX
185,13160014,STALKING,F3
186,13150008,AGG ASSAULT IN RETALIATION,F1
187,35610000,2D DEL OF MARIHUANA,unknown
188,9990004,MURDER INTENTIONALLY CAUSE DEATH/PASSION,F2
189,12150000,CONSP COMMIT AGGR ROB,unknown
190,73990620,TAMPER W/GOVERN RECORD DEFRAUD/HARM,FS
191,54040036,DWI W/CHILD UNDER 15 YOA W/PREV INTOX MAN IAT,F3
192,50990041,OBSTRUCTION OR RETALIATION,F3
193,11990005,AGG SEXUAL ASSAULT 65 YEARS OR OLDER,F1
194,20990003,ARSON BODILY INJ,F1
195,13000032,I/K INJURY TO ELDERLY BI,F3
196,36990006,FAIL TO COMPLY SEX OFFENDERS DUTY TO REG 10YRS,FS
197,73991003,ENGAGING IN ORGANIZED CRIMINAL ACTIVITY,F3
198,52030012,UNL POSS FIREARM BY FELON,F3
199,13990061,ASSAULT ON SECURITY OFFICER,F3
200,22990007,BURGLARY HABITATION INTEND SEX OFFENSE,F1
201,36010003,SEXUAL PERFORM CHILD EMPLOY INDUCE/AUTHORIZE,F2
202,35990138,POSS CS PG 1-A <20AU,FS
203,37050005,POSS W/INT PROMOT CHILD PORNOGRAPHY W/PREV IAT,F1
204,20990010,ARSON,F2
205,35990128,POSS CS PG 2 < 1G DRUG FREE ZONE,F3
206,48010012,EVADING ARREST/DETENTION W/VEH,FS
207,64080003,ONLINE SOLICITATION OF A MINOR UNDER 14,F2
208,23990013,THEFT PROP >=$200K,F1
209,26040034,IMPERSONATE PUBLIC SERVANT,F3
210,38990026,VIOL BOND/PROTECTIVE ORDER 2+ TIMES W/I 12 MO,F3
211,35990209,PROH SUB CORR FACIL-ALCOHOL/DRUG/PHONE/TOBACCO,F3
212,54010003,FAIL TO STOP AND RENDER AID INJ/DEATH,F*
213,52030010,PROHIBITED WEAPONS,F3
214,24110003,UNAUTH USE OF VEHICLE,FS
215,9990007,CAPITAL MURDER POLICE OFFICER/FIREMAN,FX
216,52130008,DEADLY CONDUCT DISCH FIREARM,unknown
217,26050000,CREDIT CARD ABUSE,unknown
218,25890021,FORGERY GOVT/NATION INST/MONEY/SECURITY ELDER,F2
219,23190000,THEFT FROM PERSON,unknown
220,13210000,RETALIATION,unknown
221,35730000,DEL C/S AMPHETAMINE,unknown
222,24040000,THEFT AUTO,unknown
223,64080001,ONLINE SOLICIT OF A MINOR,F3
224,54040014,DRIVING WHILE INTOXICATED BAC >= 0.15,MA
225,54010009,ACCIDENT INVOLVING SERIOUS BODILY INJURY,F3
226,48010016,EVADING ARREST DETENTION W/VEH OR WATERCRAFT,FS
227,35720000,POSS AMPHETAMINE,unknown
228,13080000,AGG ASSLT ON CORR OFFICER,unknown
229,71990033,INTERF RAILROAD PROPERTY>$200K,F1
230,13990044,INJ CHILD/ELDERLY/DISABLED RECKLESS BI,FS
231,26040043,FRAUD USE/POSS IDENTIFYING INFO # ITEMS 5<10,F3
232,35990185,POSS TRANSP CHEM W/INT MAN CS PG 1/1A,F2
233,29990044,"CRIMINAL MISCHIEF >=$2,500<$30K",FS
234,35990112,PROH SUBST CORRECTION FACIL DRUG/TOBACCO/PHONE,F3
235,11000001,AGGRAVATED SEXUAL ASSLT CHILD,F1
236,35990036,MAN/DEL CS ANALOGUE PG 1 >= 4G < 200G,F1
237,35990156,MAN/DEL CS PG 1>1G DRUG FREE ZONE,F*
238,23990209,THEFT PROP <$2500 2+ CONV ENH IAT,F3
239,13150010,AGG ASSAULT BY PUB SERVANT,F1
240,73991058,TAMP/FAB PHYS EVID W/INTENT IMPAIR HUM CORPSE,F2
241,13990006,INJ CHILD W/INT BODILY INJ,F3
242,22160000,ATT BURG BLD,unknown
243,35990073,MAN/DEL SIM CS REPRESENT SUB TO BE A CS,FS
244,23990132,THEFT FROM PERSON,FS
245,22990008,BURGLARY OF VEHICLE W/2+ CONV IAT,FS
246,10990021,AGG KIDNAPPING W/ DEADLY WEAPON,F1
247,11000006,AGGRAVATED SEXUAL ASSLT ANOTHER PERSON,F1
248,11990000,AGG SEX ASLT/CHILD U/14,unknown
249,11990010,SEXUAL ASSULT PROH/PURPORT SPOUSE UNDER 14 YOA,F1
250,23990009,THEFT PROP <$1500 2/MORE PREV CONV,FS
251,22990009,BURGLARY OF BUILDING CNTRLLD SUBSTANCE PRESENT,F3
252,70990144,ATTACK BY DOG RESULTING IN SBI,F3
253,73990000,RIOT,unknown
254,72010001,CRUELTY NON-LIVESTK ANIM:KILL/POISON/SBI,F3
255,64110001,SMUGGLING OF PERSONS,F3
256,35990243,MAN DEL CS PG 1-B >=1G<4G,F*
257,13160010,STALKING,F3
258,9990024,CAPITAL MURDER PERSON WHILE ESCAPING/ATTEMPT,FX
259,35990286,POSS CS PG 1/1-B 400G,unknown
260,11990011,SEXUAL ASSAULT BIGAMY,F1
261,35990228,MAN DEL CS PG1 <1G DFZ IAT 481.112,F3
262,73990714,ENGAGING IN ORGANIZED CRIMINAL ACTIVITY,F3
263,13990073,ASSAULT INT/RECK BREATH/CIRC FAM MEM PREV CONV,F2
264,36990022,ONLINE SOLICIT OF A MINOR,F3
265,54010008,ACCIDENT INVOLVING DEATH,F2
266,37050004,POSS W/INT TO PROMOTE CHILD PORNOGRAPHY,F2
267,49990004,ESCAPE-CAUSE SBI/THREAT OF DEADLY WEAP,F1
268,38990029,VIOL BOND/PROTECTIVE ORDER ASSAULT/STALK IAT,F3
269,23990157,THEFT PROP $1500<$20K ENH,F3
270,22990000,BURG BUILD,unknown
271,29990006,CRIM MISCH>=$100K<$200K,F2
272,52000001,DEADLY WEAPON IN PENAL INSTITUTION,F3
273,38990006,EXPLOITATION OF CHILD/ELDERLY/DISABLED,F3
274,13000036,RETALIATION,F3
275,9000017,CAPITAL MURDER WHILE INCARC FOR LIFE/99YRS,FX
276,9990016,CAPITAL MURDER INDIVIDUAL UNDER AGE SIX,FX
277,40080000,COMPELLING PROSTITUTION,unknown
278,36010004,SEXUAL PERFORM CHILD PRODUCE/DIRECT/PROMOTE,F3
279,40040024,SOLICIT PROST/OTHER PAYOR PERSON UNDER 18YOA,F2
280,35990017,POSS CS PG 1 >=200G < 400G,F1
281,13990090,ASSAULT OF PREGNANT PERSON,F3
282,35840000,ILLEGAL INVESTMENT,unknown
283,37040011,POSS OF CHILD PORNOGRAPHY W/2+ PREV CONV IAT,F1
284,13990070,ASSAULT EMS PERSONNEL PROV SERV,F3
285,35990280,POS CON SUB INT DEL PG1B 1G FEN,unknown
286,36990024,ONLINE SOLICIT OF A MINOR SEXUAL CONDUCT,F2
287,13990013,INJ ELDERLY PERSON W/INT BODILY INJ,F3
288,9990014,CAPITAL MURDER WHILE INCARC FOR LIFE/99YRS,FX
289,70990135,HARASSMENT BY PERSON IN CORRECTIONAL/DETENTION,F3
290,35990018,POSS CS PG 1 >= 400G,F*
291,54010005,ACCIDENT INVOLVING SBI/DEATH,F3
292,13000002,AGG ASSLT CAUSES SBI,F3
293,23990202,THEFT PROP <$300K ATM,F2
294,35990020,POSS CS PG 2 >= 1G < 4G,F3
295,26990204,"DISPOSE SEC PROP W/INTENT APPROP >=$2,500<$30K",FS
296,26990053,MONEY LAUNDERING >= $100K,F1
297,36990025,SEXUAL PERF BY CHILD <14 YRS EMPLOY/DIR/PROMO,F1
298,36990028,INVASIVE VISUAL RECORDING,FS
299,26050015,CREDIT CARD OR DEBIT CARD ABUSE ELDERLY,F3
300,36990014,SEXUAL PERFORM CHILD EMPLOY INDUCE/AUTHORIZE,F2
301,52030036,UNL CARRY WEAPON W/ FELONY CONV,F2
302,9990018,CRIM NEGLIGENT HOMICIDE,FS
303,26990051,"MONEY LAUNDERING >= $3,000 < $20K",F3
304,58990002,TRAFFICKING OF PERSON,F2
305,13990042,INJ CHILD/ELDERLY/DISABLED RECKLESS BI/MENTAL,F2
306,22000002,BURGLARY OF BUILDING,F2
307,23990176,THEFT PROP >=$100K<$200K,F2
308,35990054,MAN/DEL CS CAUSE DEATH OR SBI IAT,F*
309,13990091,ASLT HOSP PERSONNEL HOSP PROP BI,unknown
310,70990052,UNLAWFUL RESTRAINT:EXPOSE TO SBI,F3
311,25890012,FOOD STAMPS USE/ALTER/TRANSFER >=$200,F3
312,38990000,ABANDONMENT CHILD/HABIT,unknown
313,73991004,ENGAGING IN ORGANIZED CRIMINAL ACTIVITY,F2
314,35990122,POSS CS BY FRAUD SCH III/IV,F3
315,23990162,THEFT PROP >=$20K<$100K ENH,F2
316,13150000,AGG ASLT DW,unknown
317,48010007,RESIST ARREST SEARCH OR TRANSP DEADLY WEAPON,F3
318,23990197,THEFT OF MATERIAL ALUM/BRNZ/COPPER/BRASS <$20K,FS
319,22990004,BURGLARY OF VEHICLE,MA
320,13990071,ASSAULT BI FAM/HOUSE MEM 2+ W/IN 12 MONTHS,F3
321,35990022,POSS CS PG 2 >= 400G,F*
322,13160016,HARASSMENT BY PERSON IN CORR/DET/CIV COM FACIL,F3
323,36120005,FAIL TO COMPLY WITH SEX OFFENDER REGISTRATION,F3
324,23990154,THEFT OF FIREARM ENH IAT,F3
325,13990087,ASSAULT INT/RECK BREATH/CIRC FAM MEM PREV IAT,F2
326,10990023,AGG KIDNAP W/ATT TO COMM SEX AB,unknown
327,64110002,SMUGGLING OF PERSONS: LIKELIHOOD SBI OR DEATH,F2
328,58990015,TRAFFICKING CHILD ENGAGE CONDUCT/SEX/BENEFIT,F1
329,35620000,AG POSS MARIHUANA,unknown
330,35990038,MAN/DEL CS ANALOGUE PG 1 >= 400 G,F*
331,35990251,POSS CS PG 1/1-B >=400G,F*
332,35990047,MAN/DEL CS ANALOGUE PG 2 >= 4G <400G,F1
333,35990186,POSS TRANSP CHEM W/INT MAN CS PG 2,F3
334,23990207,THEFT PROP >=$750<$2500 ENH IAT,FS
335,23990198,THEFT PROP >=$30K<$150K,F3
336,13160015,STALKING W/PREV CONV,F2
337,29990004,"CRIM MISCH>=$1,500<$20K",FS
338,12000001,AGGRAVATED ROBBERY,F1
339,40040018,PROSTITUTI/OTHER PAYOR SOLICIT PERSON < 18 YOA,F2
340,70990140,HARRASSMENT OF PUBLIC SERVANT,F3
341,9990010,CAPITAL MURDER ESCAPING PENAL INSTITUTION,FX
342,35990231,POSS CS PG1 <1G DFZ IAT 481.115,F3
343,52030021,TAKE WEAPON FROM AN OFFICER,F3
344,35990000,DEL COCAINE,unknown
345,35990190,FRAUD POSS CS/PRESCRIPTION SCH I/II,F2
346,26050014,CREDIT CARD OR DEBIT CARD ABUSE,FS
347,48990019,TAMPERING WITH A WITNESS PART OF F1 PROCEEDING,F1
348,37040002,POSS W/INT TO PROMOTE CHILD PORNOGRAPHY,F2
349,52030015,EXHIBITING FIREARM ON CAMPUS OR SCHOOL BUS,F3
350,35990250,POSS CS PG 1/1-B >=200G<400G,F1
351,10990013,AGG KIDNAPPING BI/SEXUAL ABUSE,F1
352,36990015,SEXUAL PERFORM CHILD PRODUCE/DIRECT/PROMOTE,F3
353,35990169,DEL CS/MARIJ TO MINOR,F2
354,13020001,AGG ASLT DATE/FAM/HSE W/WPN SBI,unknown
355,35990233,POSS CS PG3 <28G DFZ IAT 481.117,FS
356,13990057,ASSAULT CAUSES BI RETALIATION W/GOVERN,F3
357,20990006,ARSON OF BLDG/HABIT/VEH W/INT INJURY OR DAMAGE,F3
358,64110003,SMUGGLING OF PERSONS: UNDER 18 YOA,F2
359,16020011,TERRORISTIC THREAT AGAINST PUBLIC SERVANT,MA
360,9990011,CAPITAL MURDER IN PENAL INSTITUTION,FX
361,26050024,FRAUD POSS/USE CREDIT OR DEBIT CARD =>10<50,F2
362,9990025,CAPITAL MURDER OF ANOTHER PERSON IN PRISON,FX
363,23990011,THEFT PROP >=$100K < $200K,F2
364,37040010,POSS OF CHILD PORNOGRAPHY W/PREV CONV IAT,F2
365,25890020,FORGERY FINANCIAL INSTRUMENT ELDERLY,F3
366,52030025,PROH WEAPON,F3
367,50160004,VIOL BOND/PROTECTIVE ORDER 2+ PREV CONV IAT,F3
368,48010018,EVADING ARREST DET CAUSE SBI,F3
369,10990020,UNLAWFUL RESTRAINT:EXPOSE TO SBI,F3
370,13150009,AGG ASSAULT AGAINST SECURITY OFFICER,F1
371,35990125,MAN/DEL CS PG 2 < 1G DRUG FREE ZONE,F3
372,64110019,TRAFFIC OF PERSONS <18 PROST/FORCED LABOR,F1
373,9000002,MURDER INTENDS SBI CAUSING DEATH,F1
374,22000004,BURGLARY HAB W/EXPLOSIVES OR DW INJ OR ATT INJ,F1
375,13990083,ASSAULT INT/RECK BREATH/CIRC FAM MEM PREV IAT,F2
376,38060019,ABANDON ENDANGER CHILD W/INTENT TO RETURN,FS
377,16020015,TERRORISTIC THREAT AGAINST PEACE OFFICER/JUDGE,FS
378,48990012,TAMPERING WITH A WITNESS,F3
379,26040044,FRAUD USE/POSS IDENTIFYING INFO # ITEMS 10<50,F2
380,23990201,THEFT PROP >=$150K<$300K,F2
381,48010014,EVADING ARREST DETENTION CAUSING DEATH,F2
382,54040010,DRIVING WHILE INTOXICATED 2ND,MA
383,48990010,HINDER APPREHENSION OR PROSECUTION KNOWN FELON,F3
384,72990045,CRUELTY TO LIVESTOCK ANIMALS PHYSICAL ABUSE,FS
385,25890019,FORGERY-TO DEFRAUD OR HARM ELDERLY,FS
386,52030030,DEADLY WEAPON IN PENAL INSTITUTION,F3
387,64110018,TRAFFICKING OF PERSON,F2
388,25020021,FORGERY FINANCIAL INSTRUMENT ENH IAT,F3
389,13160009,STALKING ENH,F3
390,73990716,ENGAGING IN ORGANIZED CRIMINAL ACTIVITY,F1
391,38060009,ABANDON/ENDANGER CHILD CRIM NEGLIGENCE,FS
392,35710000,DEL AMPHETAMINE,unknown
393,36990002,PROHIBITED SEXUAL CONDUCT,F3
394,13990003,INJ TO A CHILD MENTAL INJ,F1
395,23990008,THEFT OF FIREARM,FS
396,23990143,THEFT OF MATERIAL ALUM/BRNZE/COPPER/BRASS<$20K,FS
397,53060000,RIOT BY MURDER,unknown
398,26040047,FRAUD USE/POSS IDENT INFO # ITEMS 5<10 ELDERLY,F2
399,35990244,MAN DEL CS PG 1-B >=4G<200G,F*
400,58990009,TRAFFICKING OF PERSONS: CONTINUOUS,F1
401,64110008,CONT SMUGGLING OF PERSONS: UNDER 18 YOA,F1
402,52030022,ATTEMPT TO TAKE WEAPON FROM AN OFFICER,FS
403,11990018,SEXUAL ASSAULT PROH/PURPORT SPOUSE,F1
404,54040035,INTOX ASSLT CAUSE SBI PEACE OFFICER/JUDGE IAT,F1
405,20000001,ARSON,F2
406,23990203,THEFT PROP >=$300K,F1
407,26990225,FRAUD SECURING DOC EXEC >=$300K,F1
408,26050022,FRAUD POSS/USE CREDIT OR DEBIT CARD <5,FS
409,35990127,POSS CS PG 1 < 1G DRUG FREE ZONE,F3
410,26070139,FAL STATEMENT FOR PROPERTY/CREDIT $1500 < $20K,FS
411,48040002,TAMPER/FABRICATE PHYSICAL EVIDENCE,F3
412,73990715,ENGAGING IN ORGANIZED CRIMINAL ACTIVITY,F2
413,10990003,AGG KIDNAPPING REL VICTIM SAFE PLACE,F2
414,23990160,THEFT PROP $500<$1500 ENH,FS
415,73990280,TAMPERING/FABRICATING PHYSICAL EVIDENCE,F3
416,35990019,POSS CS PG 2 < 1G,FS
417,26070269,INSURANCE FRAUD >=$30K<$150K,F3
418,22990010,BURGLARY OF BLDNG ENTER/CONCEAL INTND THEFT CS,F3
419,29990065,CRIMINAL MISCHIEF >=$30K<$150K,F3
420,9070000,CAPITAL MURDER,unknown
421,35990011,MAN/DEL CS PG 3/4 >=28G <200G,F2
422,54040017,DRIVING WHILE INTOXICATED/OPEN CONT 3RD/MORE,F3
423,35990055,FRAUD POSS CS/PRESCRIPTION SCH I/II,F2
424,9120000,MURDER W/DEADLY WPN,unknown
425,23990199,THEFT CATTLE/HORSE/EXOTIC LIVESTOCK <$150K,F3
426,73990230,PRACTICE MEDICINE IN VIOL OF MED PRACT ACT ENH,F3
427,36120007,FAIL TO COMPLY WITH SEX OFFENDER REG/PREV CONV,F*
428,64110017,TRAFFICKING CHILD ENGAGE CONDUCT/SEX/BENEFIT,F1
429,36120006,FAIL TO COMPLY WITH SEX OFFENDER REG/90DAY,F2
430,40040001,COMPELLING PROSTITUTION BY FORCE/THREAT,F2
431,25020017,FORGERY FINANCIAL INSTRUMENT >=$2500<$30K IAT,FS
432,36990026,SEXUAL PERF BY CHILD <14 YRS PRODUCE/DIR/PROMO,F2
433,10990012,AGG KIDNAPPING FACILITATE SAFE RELEASE,F2
434,73990650,INTOX MANSLTR CAUSE DEATH PEACE OFC/FIRE/EMS,F1
435,54040024,BOATING WHILE INTOXICATED 3RD OR MORE IAT,F3
436,73991073,DIRECT ACTIVITIES OF STREET GANG,F1
437,48020001,INTERF W/POLICE SERV ANIMAL KILLING,F2
438,36990019,ONLINE SOLICIT MINOR UNDER 14Y0A,F2
439,64110015,TRAFFICK A CHILD W/INTENT FORCED LABOR BENEFIT,F1
440,58990005,TRAFFICKING OF PERSONS <18 PROST/FORCED LABOR,F1
441,26040045,FRAUD USE/POSS IDENT INFO # ITEMS 50 OR MORE,F1
442,73990704,ABUSE OF CORPSE WITHOUT LEGAL AUTHORITY,FS
443,35990105,FRAUD POSS CS/PRESCRIPTION SCH III/IV,F3
444,40020007,AGG PROMOTION OF PROSTITUTION PERSON/S < 18YOA,F1
445,22000003,BURGLARY OF BUILDING-ARMED W/EXPLOSIVES OR DW,F1
446,36990029,INVASIVE VISUAL RECORDING BATH/DRESS RM,FS
447,48010015,EVADING ARREST DETENTION W/PREV CONVICTION,FS
448,28990014,"THEFT OF CARGO >=$10,000<$100K",F3
449,35990044,POSS CS ANALOGUE PG 1 >= 400G,F*
450,50990056,TAMPER W/ELEC MON DEV,unknown
451,29990022,CRIMINAL MISCHIEF DAMAGE/DESTR WORSHIP/SCHOOL,FS
452,73990711,ENGAGING IN ORGANIZED CRIMINAL ACTIVITY,FS
453,54010000,FAIL TO STOP REND ASSIST,unknown
454,40040006,PROSTITUTION W/3RD OR MORE,FS
455,35990042,POSS CS ANALOGUE PG 1 >=4G < 200G,F2
456,29990040,CRIMINAL MISCHIEF >=$100K<$200K,F2
457,26990170,TAMPER W/GOVERN RCD LIC/SEAL DEFRAUD/HARM IAT,F2
458,50130001,UNAUTH ABSENCE COMMUNITY CORRECTION FACILITY,FS
459,38990028,VIOL BOND/PROTECTIVE ORDER 2+ PREV CONV IAT,F3
460,35620013,"POSS MARIJ > 2,000LBS",F*
461,26990171,TAMPER W/GOV SCHOOL RECORD LIC/SEAL/PERM IAT,F3
462,13000005,AGG ASSLT W/DEADLY WPN CITED BOARD MEM/EMPL/PO,F1
463,23990140,THEFT CATTLE/HORSE/EXOTIC LIVESTOCK <$100K,F3
464,50030002,AGGRAVATED PERJURY,F3
465,23990089,THEFT PROP HUMAN CORPSE/GRAVE PUB SERV/ELDERLY,F3
466,13990009,INJ ELDERLY PERSON SBI/MENTAL,F1
467,58990012,TRAFFICKING CHILD WITH INTENT FORCED LABOR,F1
468,52990010,UNL CARRYING WEAPON ON ALCOHOL PREMISES,F3
469,10990016,AGG KIDNAPPING TERRORIZE SAFE RELEASE,F2
470,35640021,DEL MARJ 1/4OZ<5LB DFZ IAT 481.120,F3
471,40040008,COMPELLING PROST BY FORCE/THREAT/FRAUD,F2
472,23990214,THEFT PROP >=$150K<$300K ENH IAT,F1
473,51140000,BRIBERY,unknown
474,10990015,AGG KIDNAPPING TERRORIZE,F1
475,49990003,ESCAPE-CAUSE BODILY INJ,F2
476,25020027,FORGERY FINANCIAL INSTR >=$150K<$300K ENH IAT,F1
477,26990033,MISAPP FIDUC/FINAN PROP >=$100K<$200K,F2
478,35990276,MAN DEL CONT SUB PG1 G/400G,unknown
479,61990042,VIOL OF MOTOR FUEL TAX REQUIREMENTS,F2
480,22000006,BURGLARY OF VEHICLE,MA
481,49990001,ESCAPE FROM CUSTODY,MA
482,35640014,"DEL MARIJ <=2,000LBS > 50LBS",F1
483,38990019,VIOL BOND/PROTECTIVE ORDER ASSAULT/STALKING,F3
484,10990011,AGG KIDNAPPING FACILITATE,F1
485,26990116,MISAPP TRUST FUND >=$500 DEFRAUD,F3
486,37040012,POSS/PROMOTE LEWD VISUAL MATERIAL DEPICT CHILD,FS
487,13070000,AGG ASLT PO,unknown
488,38990015,VIOL PROTECTIVE ORDER BY ASSAULT/STALKING,F3
489,13990086,ASSAULT OF PREGNANT PERSON,F3
490,40040007,COMPELLING PROSTITUTION UNDER AGE 18,F1
491,51990018,BRIBERY,F2
492,13990045,INJ CHILD/ELDERLY/DISABLED CRIM NEGLIGENCE,FS
493,13990011,RECK INJ TO ELDERLY SBI,F2
494,13000031,I/K INJURY TO CHILD SBI,F1
495,9000005,CAPITAL MURDER WHILE COMMITTING CITED OFFENSES,FX
496,9170000,SOL OF CAP MURDER,unknown
497,23990023,"THEFT <$1,500 2 OR MORE CONV ANY THEFT PS",F3
498,13150012,AGG ASSAULT AGAINST PROCESS SERVER,F1
499,50990057,TAMP ELEC MONT DEV INT SUP,unknown
500,9000003,MURDER WHILE COMMITTING FELONY,F1
501,52030020,UNL POSS METAL OR BODY ARMOR BY FELON,F3
502,35990007,MAN/DEL CS PG 2 OR 2-A >= 1G < 4G,F2
503,40040022,SOLICIT PROST/OTHER PAYOR,FS
504,25890014,FOOD STAMPS UNAUTH POSS >=$200,F3
505,23990215,THEFT <10 HEAD LIVESTOCK <$30K ENH IAT,F3
506,35990203,ILLEGAL BARTER/EXPEND INVEST IN MARIJ>50LBS<2K,F2
507,36050004,INDECENT EXPOSURE 2+ PREV CONV,unknown
508,26990153,MONEY LAUNDERING >=$1500<$20K,FS
509,40040004,COMPELLING PROSTITUTION UNDER AGE 18,F2
510,23990163,THEFT PROP <$1500 2+ CONV ENH,F3
511,52170002,FIREARM SMUGGLING 3 OR MORE FIREARMS,F2
512,64050004,SEXUAL PERFORM CHILD PRODUCE/DIRECT/PROMOTE,F3
513,26070262,FALSE STATEMENT PROPERTY/CREDIT >=$30K<$150K,F3
514,9990029,CAPITAL MURDER OF PERSON UNDER TEN YOA,FX
515,64110005,SMUGGLING OF PERSONS: SBI OR DEATH,F1
516,48990014,TAMPERING WITH WITNESS FV CASE W/PREV FV CONV,F2
517,23160003,THEFT-MAIL =>30 ADDRESSES,F3
518,16020002,TERRORISTIC THREAT CAUSE IMPAIR PUB SERVICE,F3
519,26990034,MISAPP FIDUC/FINAN PROP>=$200K,F1
520,35990026,POSS CS PG 3 >= 400G,F*
521,73990272,TAMPER W/OIL/GAS RIGS TO LIMIT/CONTROL OPER,F3
522,23160006,THEFT-MAIL ID INFO =20<50 ADDRESSES IAT,F2
523,36190002,VOYEURISM: VICTIM UNDER 14 YOA,FS
524,23990211,THEFT PROP >=$30K<$150K ENH IAT,F2
525,23990149,THEFT PROP GRAVE/CORPSE/MILITARY MKR ENH IAT,F3
526,64110016,TRAFFICKING CHILD ENGAGE CONDUCT/SEXUAL,F1
527,13140002,AGG ASSLT MV DISCH FRARM RKLS HAB/BLDG/VEH SBI,F1
528,35990281,MAN DEL CS PG1-B 4-200G,unknown
529,35990230,MAN DEL CS PG3/4 <28G DFZ IAT 481.114,F3
530,35640012,DEL MARIJ <= 5LBS > 1/4 OZ,FS
531,73990709,UNL POSS METAL OR BODY ARMOR BY FELON,F3
532,38060021,ABANDON ENDANGER CHILD INT/KNOW/RECK/CRIM NEG,FS
533,35990246,MAN DEL CS PG 1-B >=400G,F*
534,64110026,SMUGGLING OF PERSONS FLEEING,unknown
535,52030029,UNL CARRYING WEAPON PROHIBITED PLACES,F3
536,35990009,MAN/DEL CS PG 2 OR 2-A >= 400G,F*
537,10990025,AGG KIDNAPPING,unknown
538,35990273,DEL CS MARIJ TO A MINOR,unknown
539,23990168,THEFT FROM PERSON ENH IAT,F3
540,64050002,SEXUAL PERFORM CHILD EMPLOY INDUCE/AUTHORIZE,F2
541,26050023,FRAUD POSS/USE CREDIT OR DEBIT CARD =>5<10,F3
542,54040031,INTOX MANSLTR CAUSE DEATH PEACE OFC/FIRE/EMS,F1
543,38060001,ABANDON/ENDANGER CHILD IMMINENT DANGER BI,F2
544,23990182,THEFT OF SERV >=$150K<$300K,F2
545,38060020,ABANDON ENDANGER CHILD W/O INTENT TO RETURN,F3
546,25020022,FORGERY GOVT/NTNL INST/MONEY/SEC ENH IAT,F2
547,28990015,THEFT OF CARGO >=$100K<$200K,F2
548,11990008,IMPROPER RELATIONSHIP BETWEEN EDUCATOR/STUDENT,F2
549,35990275,MAN/DEL CS PG1 200-400,unknown
550,26990142,MISAPP FIDUC/FINAN INSTIT PROP ELDERLY,F*
551,11000002,SEXUAL ASSLT ANOTHER PERSON,F2
552,10990017,AGG KIDNAPPING INTERFERE PERFORMANCE,F1
553,29990061,HINDER SECURED CREDITORS >=$30K<$150K,F3
554,22060006,UNL USE OF CRIMINAL INSTRUMENT,F2
555,53990012,HARASSMENT W/PREV CONVIC,MA
556,64110024,SMUG PERS W/I OBT PECUN BEN,unknown
557,13990000,INJURY TO CHILD-SBI,unknown
558,35990265,DEL CS/MARIJ TO MINOR USE CHILD 481.122,F3
559,11990009,SEXUAL ASSAULT PROH/PURPORT SPOUSE,F1
560,53990011,INTERFER W/EMER REQ FOR ASSIST W/PREV CONVIC,FS
561,25020018,FORGERY FINANCIAL INSTRUMENT >=$30K<$150K IAT,F3
562,73990628,"TAMPER W/GOV REC-INS DOC (A)(1,3,4,6)",F3
563,9990028,CAPITAL MURDER FOR RETALIATION JUDGE/JUSTICE,FX
564,23990181,THEFT OF SERV >=$30K<$150K,F3
565,40020020,AGG PROMOTION OF PROSTITUTION,F1
566,26070140,FAL STATEMENT FOR PROPERTY/CREDIT $20K < $100K,F3
567,53060004,RIOT PARTICIPATION,F3
568,53090003,ONLINE IMPERSONATION-NAME/PERSONA CREATE PAGE,F3
569,10990014,AGG KIDNAPPING BI/SEXUAL ABUSE SAFE RELEASE,F2
570,13990001,ASSAULT CAUSES BODILY INJ,MA
571,26990032,MISAPP FIDUC/FINAN PROP>=$20K<$100K,F3
572,13990028,ASSLT FAMILY MEMBER 2 TIMES OR MORE,FS
573,35990242,MAN DEL CS PG 1-B <1G,FS
574,26990052,MONEY LAUNDERING >= $20K < $100K,F2
575,48010017,EVADING ARREST DETENTION,MA
576,38060011,CRIM NONSUPPORT,FS
577,35990215,POSS CS PG 2-A > 4OZ <= 5LB,FS
578,40020012,ONLINE PROMOTION PROSTITUTION W/PREV CONV,F2
579,52120011,UNL POSS FIREARM BY FELON IAT WFZ 46.04,F2
580,73990630,TAMPER W/GOV REC-INS DOC-DEFRAUD/HARM,F2
581,35990211,PROH SUB CORR/CIV COM FACIL-ATTEMPT,F3
582,29990047,CRIMINAL MISCHIEF >=$150K<$300K,F2
583,23990193,"THEFT PROP >=$750<$2,500",MA
584,40040021,PROSTITUTION/OTHER PAYOR PERSON UNDER 18YOA,F2
585,35990191,FRAUD POSS CS/PRESCRIPTION SCH III/IV,F3
586,37040020,POSS CHILD PORN VIDEO CONST OFF,unknown
587,9000016,CAPITAL MURDER WHILE INCARC FOR MURDER,FX
588,73990619,TAMPER W/GOV SCHOOL RECORD LIC/SEAL/CERT/PERM,F3
589,13000030,I/K INJURY TO CHILD BI,F3
590,13990027,COERCION OF PB SERV/VOTER THREAT OF FELONY,F3
591,28990016,THEFT OF CARGO >=$200K,F1
592,40040011,PROSTITUTION W/3RD OR MORE,FS
593,26990218,MISAPP FIDUC/FINAN PROP >=$150K<$300K,F2
594,50160003,VIOL STATE ATTY FILED PROTECTIVE ORDER IAT,FS
595,58990013,TRAFFICK A CHILD W/INTENT FORCED LABOR BENEFIT,F1
596,52990012,UNL CARRYING WEAPON IAT WFZ 46.02,FS
597,23990210,THEFT MATER ALUM/BRNZ/CPPR/BRSS <$20K ENH IAT,F3
598,40020017,PROMOTE PROSTITUTION,F3
599,52030014,UNL CARRYING WEAPON ON ALCOHOL PREMISES,F3
600,11990019,SEXUAL ASSAULT BIGAMY,F1
601,13990031,ASSAULT CAUSES BODILY INJURY FAMILY MEMBER,MA
602,62050122,ILLEGAL DUMPING COMM >200LBS OR >200CFT,FS
603,37990007,PUBLISH/THREAT TO PUBLISH INTIMATE VISUAL MATR,FS
604,35990208,PROH SUB CORR FACIL-POSS DEADLY WEAPON,F3
605,23990172,ORGANIZED RETAIL THEFT >= $500 < $1500,FS
606,38990042,ENDANGERING A CHILD,unknown
607,50060001,TAMPER W/ WITNESS,FS
608,50150003,BAIL JUMPING AND FAIL TO APPEAR,MA
609,40020006,AGG PROMOTION OF PROSTITUTION,F3
610,26040048,FRAUD USE/POSS IDENT INFO # ITEMS 10<50 ELDER,F1
611,35990013,MAN/DEL CS PG 3/4 >= 400G,F*
612,25020025,FORGERY FINANCIAL INSTR >=$2500<$30K ENH IAT,F3
613,13150013,AGG ASSAULT AGAINST SECURITY OFFICER,F1
614,26070261,"FALSE STATEMENT PROPERTY/CREDIT >=$2,500<$30K",FS
615,35990159,POSS CS PG1>1G DRUG FREE ZONE,F*
616,26990217,MISAPP FIDUC/FINAN PROP >=$30K<$150K,F3
617,35990202,ILLEGAL BARTER/EXPENDITURE OF PROPERTY/FINANCE,F1
618,35990232,POSS CS PG2 <1G DFZ IAT 481.116,F3
619,25890023,FORGERY - DEFRAUD/HARM OF ANOTHER ELDERLY IAT,FS
620,38990014,VIOL PROTECT ORDER BIAS/PREJUD W/2+ PREV CONV,F3
621,52990013,UNL CARRY WEAPON ALCH PREMISES IAT WFZ 46.02,F2
622,64110021,TRAFFICKING OF PERSONS: CONTINUOUS,F1
623,72010002,CRUELTY NON-LVSTK ANIM:KILL/PSON/SBI PREV CONV,F2
624,64050003,SEXUAL PERF BY CHILD <14 YRS PRODUCE/DIR/PROMO,F2
625,73991048,HIGH VOLTAGE OVERHEAD LINES VIOLATION,M*
626,72990020,DESECRATION OF CEMETERY,F3
627,26070264,FALSE STATEMENT PROPERTY/CREDIT >=$300K,F1
628,35990161,POSS CS PG 3>1G DRUG FREE ZONE,F*
629,20990009,ARSON RECK DAMAGE BLDG/RECK CAUSE BI OR DEATH,FS
630,13990084,ASSAULT BI EMPLOYE/CONTRACTOR CIV COM FACILITY,F3
631,26990147,CLAIM LOTTERY PRIZE FRAUD >$200<=$10K,F3
632,54020005,POSS TRANSP ANHYDROUS AMMONIA,F3
633,35990136,MAN/DEL CS PG 1-A >=80AU,F1
634,35990028,POSS CS PG 4 >=28G < 200G,F3
635,50990042,OBSTRUCT/RETALIAT WEB ADD/PHN BOD INJ PUB SERV,F2
636,37040014,POSS/PRMT LEWD VIS MATER DPCT CHLD 2+ PREV IAT,F2
637,35990029,POSS CS PG 4 >=200G <400G,F2
638,35620015,POSS MARIJ <= 4 OZ > 2 OZ DRUG FREE ZONE,FS
639,20990002,ARSON BODILY INJ/DEATH,F1
640,49020003,EVADING ARREST/DET SBI,F3
641,13990074,ASSAULT FAMILY/HOUSEHOLD MEMBER,F2
642,28030006,PURCHASE STOLEN CATALTYIC CONVERTER W/PREV IAT,F3
643,63000006,ILLEGAL BARTER/EXPENDITURE OF PROPERTY/FINANCE,F2
644,53060006,RIOT PARTICIPATION,F1
645,23990179,"THEFT OF SERV >=$750<$2,500",MA
646,52030034,DEADLY WEAPON IN PENAL INST IAT WFZ 46.10,F2
647,35990254,MAN DEL CS PG 1-B >=1G<4G DFZ HE IAT 481.1123,F1
648,52170004,FIREARM SMUGGLING,F3
649,35990025,POSS CS PG 3 >=200G < 400G,F2
650,48990013,TAMPERING WITH A WITNESS FV CASE,F3
651,64050001,SEXUAL PERF CHILD <14 EMPLOY/INDUCE/AUTHORIZE,F1
652,22060005,UNL USE OF CRIMINAL INSTRUMENT,F3
653,35990030,POSS CS PG 4 >= 400G,F*
654,29990048,CRIMINAL MISCHIEF >=$300K,F1
655,73990734,ENG ORG CRIM ACT,unknown
656,23990032,THEFT OF SERV >$200K,F1
657,25890005,FALSE NAME INFO/FORGERY VEHICLE REGISTRATION,F3
658,35990157,MAN/DEL CS PG 2>1G DRUG FREE ZONE,F*
659,13990052,ASSAULT AGAINST GOVERNMENT CONTRACTOR/EMPLOYEE,F3
660,73990713,ENGAGING IN ORGANIZED CRIMINAL ACTIVITY,MA
661,52030016,PROH WEAPONS/WEAPONS FREE ZONE,F2
662,23990180,"THEFT OF SERV >=$2,500<$30K",FS
663,35640013,DEL MARIJ <= 50LBS > 5LBS,F2
664,40020021,COMPEL PROST BY FORCE/THREAT/COERCION/FRAUD,F1
665,70990075,IMPROPER CONTACT W/VICTIM WHILE CONFINED,F3
666,38990040,ABANDON/ENDANGER CHLD W/O INT RE,unknown
667,9990012,CAPITAL MURDER PENAL INSTIT COMBINATION,FX
668,38990039,ABNDN/ENDANGR CHILD W/INT RET,unknown
669,38990027,VIOL BOND/PROTECTIVE ORDER,MA
670,63000001,"MONEY LAUNDERING >=$2,500<$30K",FS
671,25020032,FORG GOV/NATIONAL INST/MONE,unknown
672,23990212,THEFT CTTLE/HRSE/EXOTIC LVSTOCK <$150K ENH IAT,F2
673,48020004,INTERF W/POLICE SERVIC ANIMAL INJURY,FS
674,29030012,"CRIMINAL MISCHIEF IMP/INT PUB SERVICE <$30,000",FS
675,26050025,FRAUD POSS/USE CREDIT OR DEBIT CARD =>50,F1
676,35620018,POSS MARJ 4OZ<5LB DFZ IAT 481.121,F3
677,23990216,THEFT PROP <$300K ATM ENH IAT,F1
678,40020010,AGG PROMOTION OF PROSTITUTION,F2
679,26070210,MEDICAID FRAUD =>$20K<$100K,F3
680,35990195,FRAUD DEL CS/PRESCRIPTION SCH III/IV/V,F3
681,35990041,POSS CS ANALOGUE PG 1 >= 1G < 4G,F3
682,64110025,SMUGGLING OF PERSONS FIREARM,unknown
683,52030027,UNL CARRYING WEAPON,MA
684,64070001,COMPELLING PROSTITUTION UNDER AGE 18,F1
685,35990225,FRAUD DEL CS/PRESCRIPTION SCH III/IV/V,F3
686,40020019,PROMOTE PROSTITUTION PERSON <18 YOA,F1
687,25990019,MAKE/POSS COUNTERFEIT VEH INSP REPORT/INS DOC,F3
688,36990035,CHILD GROOMING PREV CONV,unknown
689,35620020,POSS MARJ <2OZ DFZ IAT 481.121,MA
690,63000004,MONEY LAUNDERING >=$300K,F1
691,35990006,MAN/DEL CS PG 2 OR 2-A < 1G,FS
692,37040021,POSS OF CHILD PORNOGRAPHY,unknown
693,58990011,TRAFFICKING PERSON ENGAGE CONDUCT/SEX/BENEFIT,F2
694,58990010,TRAFFICKING PERSON ENGAGE CONDUCT/SEXUAL,F2
695,73991000,ENGAGING IN ORGANIZED CRIMINAL ACTIVITY,FS
696,10990002,AGREEMENT TO ABDUCT FROM CUSTODY,FS
697,25020026,FORGERY FINANCIAL INSTR >=$30K<$150K ENH IAT,F2
698,29990067,CRIMINAL MISCHIEF CAUSES IMPAIR/INTERUPT ATM,F3
699,35990222,FRAUD INTENT OBTAIN CS SCH III/IV,F3
700,48990026,TAMPERING WITH A WITNESS FV CASE WITH F2 CASE,F2
701,64070002,COMPELLING PROSTITUTION UNDER AGE 18,F1
702,49030008,IMPLEMENTS FOR ESCAPE CORR FACILITY/CUSTODY,F3
703,36990031,SEXUAL COERCION PREV CONVICTION IAT,F3
704,29990007,CRIM MISCH>$200K,F1
705,29990066,CRIM MISCHIEF FIREARM/WEAPON DEATH LIVESTOCK,F3
706,48010022,EVADING ARREST DETENTION CAUSING DEATH,F2
707,23160008,THEFT-MAIL ID INFO <=10 ADDRESSES ENH IAT,F3
708,29990005,CRIM MISCH>=$20K<$100K,F3
709,26990152,MONEY LAUNDERING >=$100K<$200K,F2
710,35990139,POSS CS PG 1-A >=20AU,F3
711,25020020,FORGERY FINANCIAL INSTRUMENT >=$300K IAT,F1
712,73990604,ASSEMBLE OPERATE AMUSE RIDE W/INTOX 3RD/MORE,F3
713,36990018,ONLINE SOLICIT MINOR TO MEET W/INT SEX/CONTACT,F3
714,56990007,UNL RESTRAINT WHILE IN CUSTODY,F3
715,35990234,MAN DEL CS NOT IN PG DFZ IAT 481.119,FS
716,35990229,MAN DEL CS PG2/2-A <1G DFZ IAT 481.113,F3
717,37040018,POSS CHILD PORN 100-500 DEPIC,unknown
718,52030028,UNL CARRY WEAPON KNIFE SCHOOL/EDU RELATED,F3
719,54040021,INTOX ASSLT CAUSE SBI PEACE OFC/FIREFIGHT/EMS,F2
720,40990003,EMPLOY HARMFUL TO CHILDREN < 14 YOA,F1
721,10990009,AGG KIDNAPPING USE AS SHIELD/HOSTAGE,F1
722,72990024,ENTICING A CHILD W/INT FELONY,F3
723,53060005,RIOT PARTICIPATION,F2
724,40020011,ONLINE PROMOTION PROSTITUTION,F3
725,29990039,CRIMINAL MISCHIEF >=$20K<$100K,F3
726,73990476,MEDICAL PRACTICE ACT W/PHYSICAL HARM,F3
727,25990020,MAKE/POSS CFT INSP RPT/INS DOC INTD HRM/DFRAUD,F2
728,24990002,FRAUD TRANSFER OF MOTOR VEHICLE <$30K,FS
729,54040030,BOATING INTX W/PREV INTOX MANSLAGHT CONV IAT,F3
730,35990216,POSS CS PG 2-A > 5LB <= 50LB,F3
731,35990158,MAN/DEL CS PG 3/4>28G DRUG FREE ZONE,F*
732,37040024,POSS OF CHILD PORNOGRAPHY,unknown
733,70990073,UNL RESTRAINT OF PUBLIC SERVANT,F3
734,35620019,POSS MARJ 2OZ<4OZ DFZ IAT 481.121,FS
735,64110012,TRAFFICKING PERSON ENGAGE CONDUCT/SEXUAL,F2
736,35620009,POSS MARIJ <= 4OZ > 2OZ,MA
737,26070209,MEDICAID FRAUD =>$200K,F1
738,13990077,INT BOD INJ CHILD/ELDER/DISABLED STATE FAC EMP,F2
739,40020005,PROMOTE PROSTITUTION OF < 18 YOA PERSON,F2
740,53990028,IMPAIR/INTERRUPT CRITICAL INFRAST OPERATION,FS
741,35990266,MAN DEL CS PG 1 >=1G<4G USE CHILD 481.112,F1
742,23990183,THEFT OF SERV >=$300K,F1
743,35990126,MAN/DEL CS PG 3/4 < 28G DRUG FREE ZONE,F3
744,35990260,MAN DEL CS PG 1 <1G USE CHILD 481.112,F3
745,73991044,ASSEM/OPER AMUSE RIDE W/PREV INTX MAN CONV IAT,F3
746,23990206,THEFT PROP <$100 W/PREV CONVIC ENH IAT,MA
747,62990007,TAKING CERTAIN WILDLIFE RESOURSES W/O CONSENT,FS
748,10990007,AGG KIDNAPPING FOR RANSOM/REWARD,F1
749,23030004,ORGANIZED RETAIL THEFT >=$30K<$150K,F3
750,25990023,"TRADEMARK COUNTERFEITING >=$2,500<$30K",FS
751,35640017,DEL MARIJ <= 5 LBS > 1/4 OZ DRUG FREE ZONE,F3
752,23990161,THEFT PROP >=$100K<$200K ENH,F1
753,38990038,ENTICING CHILD AWAY FRM CUSTODIAN W/INT FELONY,F3
754,40020013,ONLINE PROMOTION PROSTITUTION PERSON <18YOA,F2
755,23160002,THEFT-MAIL =10<30 ADDRESSES,FS
756,26990038,SECURE EXECUTION DOC DECEPT>=$20K<$100K,F3
757,26070199,INSURANCE FRAUD >=$200K,F1
758,22060009,UNL USE OF CRIMINAL INSTRUMENT,FS
759,40020018,PROMOTE PROSTITUTION W/PREV CONV,F2
760,35990245,MAN DEL CS PG 1-B >=200<400G,F*
761,35990284,MAN DEL CS PG2/2-A 400G,unknown
762,48990020,TAMPERING WITH A WITNESS PART OF F2 PROCEEDING,F2
763,9990033,MANSLAUGHTER,unknown
764,54040037,DWI W/CHILD UNDER 15 YOA 3RD OR MORE IAT,F3
765,40020009,PROMOTE PROSTITUTION W/PREV CONV,F3
766,26990040,SECURE EXECUTION DOC DECEPT>=$200K,F1
767,63000002,MONEY LAUNDERING >=$30K<$150K,F3
768,53990014,FALSE ALARM OR REPORT EMERGENCY,FS
769,73991077,TAMPER W/CERT/INSP/MAINTENANCE REPORT IAT,F3
770,38990018,VIOL BOND/PROTECTIVE ORDER 2+ PREV CONVICTIONS,F3
771,48990025,TAMPERING WITH A WITNESS FV CASE WITH F1 CASE,F1
772,35990224,FRAUD DEL CS/PRESCRIPTION SCH II/SCRIPT FORM,F2
773,40020014,AGGRAVATED ONLINE PROMOTION PROSTITUTION,F2
774,53990027,DAMAGE/DESTROY CRITICAL INFRASTRUCTURE,F3
775,73990703,ELECTRONIC ACCESS INTERFERENCE,F3
776,64110004,SMUGGLING OF PERSONS:BECAME SX ASSLT VICT IAT,F1
777,10990008,AGG KIDNAPPING FOR RANSOM/REWARD SAFE RELEASE,F2
778,26990127,FRAUD SECURITY BUS PRACTICE >=$100K,F*
779,23160007,THEFT-MAIL ID INFO =>50 ADDRESSES IAT,F1
780,26990248,FINACIAL ABUSE ELDERLY >=$2500<$30K,F3
781,35990274,DEL CS/MARIJ TO MINOR USE CHILD,unknown
782,53990001,DEADLY CONDUCT,MA
783,26070289,FRAUD SECURING DOC EXEC >=$30K<$150K ENH IAT,F2
784,26990231,MISAPP FIDUC/FINAN PROP >=$150K<$300K ENH IAT,F1
785,26990223,FRAUD SECURING DOC EXEC >=$30K<$150K,F3
786,9990031,CAPITAL MURDER OF PERSON =>10YOA<15YOA,FX
787,52030037,UNL CARRY WEAPON W/ MISD FV CONV,F3
788,73990629,"TAMPER W/GOV REC-INS DOC (A)(2,5)",F3
789,37040013,POSS/PRMT LEWD VISUAL MATER DPCT CHLD PREV IAT,F3
790,35990135,MAN/DEL CS PG 1-A >=20AU,F2
791,56990016,UNL RESTRAINT W/ IN CUST/FACIL,unknown
792,23160010,THEFT-MAIL ID INFO =20<50 ADDRESSES ENH IAT,F1
793,37040015,POSS OF CHILD PORN,unknown
794,10990022,AGG KIDNAPPING W/ DEADLY WEAPON SAFE RELEASE,F2
795,10050001,UNLAWFUL RESTRAINT LESS THAN 17 YRS OF AGE,FS
796,35990221,FRAUD INTENT OBTAIN CS SCH I/II,F2
797,40020016,AGG ONLINE PROMOTION PROST PERSON <18YOA,F1
798,10990010,AGG KIDNAPPING USE AS SHIELD/HOSTAGE SAFE REL,F2
799,57990025,UNL INTER/USE/DISC WIRE/ORAL ELEC COMMUNICATE,F2
800,26070142,FAL STATEMENT FOR PROPERTY/CREDIT $200K,F1
801,13990046,RETALIATION AGAINST VOTER,F3
802,73990176,OPER FOOD/DRUG/COSMETIC SALVAGE OPER W/O LIC,MA
803,26990146,CLAIM LOTTERY PRIZE FRAUD >$10K,F2
804,36990033,SEXUAL PERFORM CHILD PRODUCE/DIRECT/PROMOTE,F3
805,35990236,POSS CS NOT IN PG DFZ IAT 481.119,MA
806,48990011,HINDERING APPREH/PROS KNOWN FELON SEX OFFENDER,F3
807,23990195,THEFT <10 HEAD LIVESTOCK <$30K,FS
808,73990736,ENGAGING IN ORGAN CRIM ACT,unknown
809,64110014,TRAFFICKING CHILD WITH INTENT FORCED LABOR,F1
810,52110009,COMPONENTS OF EXPLOSIVES,F3
811,38990041,ENDANGER A CHILD,unknown
812,23990029,"THEFT OF SERV >=$1,500 <$20K",FS
813,54990034,RACING ON HIGHWAY CAUSING BODILY INJURY,F3
814,35990137,MAN/DEL CS PG 1-A >=4000AU,F*
815,35640022,DEL MARJ <1/4OZ REMUNERATION DFZ IAT 481.120,FS
816,35990283,MAN DEL CS PG1B 400G,unknown
817,36990030,SEXUAL COERCION,FS
818,73990623,TAMPER W/GOVERNMENT RECORD,MA
819,52120012,UNL POSS FRARM FAM/HSHLD/CRT ORD IAT WFZ 46.04,FS
820,61990043,VIOL MOTOR FUEL TAX REQUIREMENTS 3 OR MORE,F2
821,38990036,INTERFERENCE WITH CHILD CUSTODY,FS
822,38040003,BIGAMY,F3
823,36060002,BESTIALITY CHILD <18 PRESENT/SBI/DEATH OF ANIM,F2
824,64110006,CONTINUOUS SMUGGLING OF PERSONS,F2
825,54990081,ACCIDENT INV PED/ROAD USER IN CROSSWALK SBI,FS
826,52130007,DISCHARGE FIREARM IN CERTAIN MUNICIPALITIES,MA
827,29990046,CRIMINAL MISCHIEF >=$30K<$150K,F3
828,36990034,CHILD GROOMING,unknown
829,73990669,DENTISTRY ACT VIOLATION,F3
830,37040026,POSS OF CHILD PORNOGRAPHY,unknown
831,63000003,MONEY LAUNDERING >=$150K<$300K,F2
832,72990017,SELL OR PURCH OF CHILD,F3
833,48990018,IMPROPER CONTACT W/VICTIM WHILE CONFINED,F3
834,35990140,POSS CS PG 1-A >=80AU,F2
835,13160011,STALKING W/PREV CONVIC,F2
836,25890022,PLACE SERIAL NUMBER W/INT TO CHANGE IDENTITY,F3
837,26990154,MONEY LAUNDERING =>$200K,F1
838,64110011,TRAFFICKING PERSON CAUSE DEATH OF UNBORN CHILD,F1
839,50990040,OBSTRUCTION OR RETALIATION AGAINST JUROR,F2
840,58990007,SMUGGLING OF PERSONS: MONETARY GAIN,F3
841,70990059,UNLAWFUL RESTRAINT LESS THAN 17 YRS OF AGE,FS
842,35990134,MAN/DEL CS PG 1-A <20AU,FS
843,72010003,CRUELTY NON-LIVESTK ANIM:FIGHT/LURE,FS
844,26990155,MONEY LAUNDERING >=$20K<$100K,F3
845,73990646,CRUELTY NON-LIVESTK ANIM:TORTURE W/2 PREV CONV,F3
846,35990282,ATT MAN DEL CS PG1-B 200-400G,unknown
847,55120009,UNLAWFUL STOR/HANDLE OF ANIMALS/MEAT PRODUCTS,M*
848,25020033,FORGERY GOVT/NATION INST/MONEY,unknown
849,52030009,UNL CARRYING WEAPON PROHIBITED PLACES,F3
